{
  "config": {
    "sf": 1.0,
    "iterations": 3,
    "s3_endpoint": "127.0.0.1:5555",
    "configurations": [
      "Parquet (ordered)",
      "Parquet (unordered)",
      "DuckDB (ordered)",
      "DuckDB (unordered)"
    ]
  },
  "ingest": {
    "parquet_ordered": 13.606274127960205,
    "parquet_unordered": 14.04819917678833,
    "duckdb_ordered": 13.868090867996216,
    "duckdb_unordered": 14.461583614349365
  },
  "queries": {
    "1": {
      "parquet_ordered": {
        "avg": 28.985684235890705,
        "times": [
          28.890584230422974,
          29.17484164237976,
          28.891626834869385
        ]
      },
      "parquet_unordered": {
        "avg": 31.275914589564007,
        "times": [
          31.380982398986816,
          31.33659029006958,
          31.11017107963562
        ]
      },
      "duckdb_ordered": {
        "avg": 30.990483442942303,
        "times": [
          31.041999101638794,
          30.90444827079773,
          31.02500295639038
        ]
      },
      "duckdb_unordered": {
        "avg": 29.159733454386394,
        "times": [
          29.195587158203125,
          28.94990038871765,
          29.333712816238403
        ]
      }
    },
    "2": {
      "parquet_ordered": {
        "avg": 1.7521272500356038,
        "times": [
          1.767122745513916,
          1.7552332878112793,
          1.7340257167816162
        ]
      },
      "parquet_unordered": {
        "avg": 1.7719277540842693,
        "times": [
          1.7879550457000732,
          1.7681424617767334,
          1.759685754776001
        ]
      },
      "duckdb_ordered": {
        "avg": 1.7576150099436443,
        "times": [
          1.7366352081298828,
          1.73793363571167,
          1.7982761859893799
        ]
      },
      "duckdb_unordered": {
        "avg": 1.775701920191447,
        "times": [
          1.7958002090454102,
          1.7687644958496094,
          1.7625410556793213
        ]
      }
    },
    "3": {
      "parquet_ordered": {
        "avg": 24.664454619089764,
        "times": [
          24.484966278076172,
          24.49736499786377,
          25.011032581329346
        ]
      },
      "parquet_unordered": {
        "avg": 26.520626147588093,
        "times": [
          26.564137935638428,
          26.57550024986267,
          26.422240257263184
        ]
      },
      "duckdb_ordered": {
        "avg": 26.412152369817097,
        "times": [
          26.721837520599365,
          26.3335964679718,
          26.181023120880127
        ]
      },
      "duckdb_unordered": {
        "avg": 24.779741366704304,
        "times": [
          24.891857862472534,
          24.443883895874023,
          25.003482341766357
        ]
      }
    },
    "4": {
      "parquet_ordered": {
        "avg": 23.78013316790263,
        "times": [
          23.62174105644226,
          23.94501233100891,
          23.773646116256714
        ]
      },
      "parquet_unordered": {
        "avg": 25.872681140899658,
        "times": [
          25.64069962501526,
          25.645490169525146,
          26.33185362815857
        ]
      },
      "duckdb_ordered": {
        "avg": 26.055673678716023,
        "times": [
          25.804861307144165,
          26.025331258773804,
          26.336828470230103
        ]
      },
      "duckdb_unordered": {
        "avg": 24.668199459711712,
        "times": [
          24.686513662338257,
          24.566057205200195,
          24.75202751159668
        ]
      }
    },
    "5": {
      "parquet_ordered": {
        "avg": 32.092209895451866,
        "times": [
          31.675643920898438,
          32.16327238082886,
          32.437713384628296
        ]
      },
      "parquet_unordered": {
        "avg": 35.14341449737549,
        "times": [
          34.97708582878113,
          35.29043745994568,
          35.16272020339966
        ]
      },
      "duckdb_ordered": {
        "avg": 34.57064938545227,
        "times": [
          34.71324586868286,
          34.47825288772583,
          34.52044939994812
        ]
      },
      "duckdb_unordered": {
        "avg": 31.851883967717487,
        "times": [
          32.12770199775696,
          31.66106081008911,
          31.766889095306396
        ]
      }
    },
    "6": {
      "parquet_ordered": {
        "avg": 29.45552086830139,
        "times": [
          29.22244095802307,
          29.030590057373047,
          30.113531589508057
        ]
      },
      "parquet_unordered": {
        "avg": 32.040539264678955,
        "times": [
          32.45830726623535,
          32.07627749443054,
          31.58703303337097
        ]
      },
      "duckdb_ordered": {
        "avg": 31.49678103129069,
        "times": [
          31.95155143737793,
          31.59110951423645,
          30.94768214225769
        ]
      },
      "duckdb_unordered": {
        "avg": 29.4316193262736,
        "times": [
          29.70486831665039,
          29.696326971054077,
          28.893662691116333
        ]
      }
    },
    "7": {
      "parquet_ordered": {
        "avg": 30.14188504219055,
        "times": [
          30.094687938690186,
          30.037910223007202,
          30.293056964874268
        ]
      },
      "parquet_unordered": {
        "avg": 33.32598257064819,
        "times": [
          32.923338174819946,
          33.27056002616882,
          33.78404951095581
        ]
      },
      "duckdb_ordered": {
        "avg": 32.98518292109171,
        "times": [
          33.30901551246643,
          33.02572703361511,
          32.6208062171936
        ]
      },
      "duckdb_unordered": {
        "avg": 30.963086128234863,
        "times": [
          30.5787091255188,
          31.058709383010864,
          31.251839876174927
        ]
      }
    },
    "8": {
      "parquet_ordered": {
        "avg": 24.93439857165019,
        "times": [
          24.77201509475708,
          24.776591062545776,
          25.254589557647705
        ]
      },
      "parquet_unordered": {
        "avg": 27.352057615915935,
        "times": [
          26.964624166488647,
          27.321731090545654,
          27.7698175907135
        ]
      },
      "duckdb_ordered": {
        "avg": 28.136791547139484,
        "times": [
          28.194841861724854,
          28.400946378707886,
          27.814586400985718
        ]
      },
      "duckdb_unordered": {
        "avg": 26.404850959777832,
        "times": [
          26.655556678771973,
          26.72830867767334,
          25.830687522888184
        ]
      }
    },
    "9": {
      "parquet_ordered": {
        "avg": 47.71504696210226,
        "times": [
          47.396836280822754,
          48.30064272880554,
          47.44766187667847
        ]
      },
      "parquet_unordered": {
        "avg": 52.31010580062866,
        "times": [
          52.363126039505005,
          51.766295433044434,
          52.80089592933655
        ]
      },
      "duckdb_ordered": {
        "avg": 51.189577420552574,
        "times": [
          51.188912868499756,
          51.36554193496704,
          51.01427745819092
        ]
      },
      "duckdb_unordered": {
        "avg": 47.31281232833862,
        "times": [
          47.65601849555969,
          47.35460019111633,
          46.927818298339844
        ]
      }
    },
    "10": {
      "parquet_ordered": {
        "avg": 31.64871136347453,
        "times": [
          31.763602018356323,
          31.866180419921875,
          31.316351652145386
        ]
      },
      "parquet_unordered": {
        "avg": 34.31708296140035,
        "times": [
          34.0021550655365,
          34.56662321090698,
          34.38247060775757
        ]
      },
      "duckdb_ordered": {
        "avg": 34.857491413752236,
        "times": [
          34.293989419937134,
          35.01611828804016,
          35.26236653327942
        ]
      },
      "duckdb_unordered": {
        "avg": 32.852957566579185,