{
  "config": {
    "sf": 1.0,
    "iterations": 3,
    "storage": "local",
    "timing_method": "duckdb_timer_single_process",
    "configurations": [
      "Parquet (ordered)",
      "Parquet (unordered)",
      "DuckDB (ordered)",
      "DuckDB (unordered)"
    ]
  },
  "ingest": {
    "parquet_ordered": 12.691479682922363,
    "parquet_unordered": 13.22164249420166,
    "duckdb_ordered": 12.83773946762085,
    "duckdb_unordered": 13.412736177444458
  },
  "queries": {
    "1": {
      "parquet_ordered": {
        "avg": 0.14833333333333334,
        "times": [
          0.139,
          0.166,
          0.14
        ]
      },
      "parquet_unordered": {
        "avg": 0.1406666666666667,
        "times": [
          0.138,
          0.136,
          0.148
        ]
      },
      "duckdb_ordered": {
        "avg": 0.1366666666666667,
        "times": [
          0.14,
          0.138,
          0.132
        ]
      },
      "duckdb_unordered": {
        "avg": 0.151,
        "times": [
          0.16,
          0.148,
          0.145
        ]
      }
    },
    "2": {
      "parquet_ordered": {
        "avg": 0.235,
        "times": [
          0.217,
          0.253,
          0.235
        ]
      },
      "parquet_unordered": {
        "avg": 0.238,
        "times": [
          0.24,
          0.229,
          0.245
        ]
      },
      "duckdb_ordered": {
        "avg": 0.226,
        "times": [
          0.223,
          0.233,
          0.222
        ]
      },
      "duckdb_unordered": {
        "avg": 0.248,
        "times": [
          0.225,
          0.259,
          0.26
        ]
      }
    },
    "3": {
      "parquet_ordered": {
        "avg": 0.16433333333333333,
        "times": [
          0.162,
          0.158,
          0.173
        ]
      },
      "parquet_unordered": {
        "avg": 0.153,
        "times": [
          0.156,
          0.146,
          0.157
        ]
      },
      "duckdb_ordered": {
        "avg": 0.15066666666666664,
        "times": [
          0.146,
          0.147,
          0.159
        ]
      },
      "duckdb_unordered": {
        "avg": 0.16366666666666665,
        "times": [
          0.16,
          0.181,
          0.15
        ]
      }
    },
    "4": {
      "parquet_ordered": {
        "avg": 0.102,
        "times": [
          0.1,
          0.097,
          0.109
        ]
      },
      "parquet_unordered": {
        "avg": 0.10166666666666668,
        "times": [
          0.098,
          0.109,
          0.098
        ]
      },
      "duckdb_ordered": {
        "avg": 0.09633333333333334,
        "times": [
          0.097,
          0.097,
          0.095
        ]
      },
      "duckdb_unordered": {
        "avg": 0.10366666666666667,
        "times": [
          0.103,
          0.105,
          0.103
        ]
      }
    },
    "5": {
      "parquet_ordered": {
        "avg": 0.17533333333333334,
        "times": [
          0.168,
          0.17,
          0.188
        ]
      },
      "parquet_unordered": {
        "avg": 0.17200000000000001,
        "times": [
          0.163,
          0.175,
          0.178
        ]
      },
      "duckdb_ordered": {
        "avg": 0.16733333333333333,
        "times": [
          0.17,
          0.16,
          0.172
        ]
      },
      "duckdb_unordered": {
        "avg": 0.18466666666666667,
        "times": [
          0.178,
          0.192,
          0.184
        ]
      }
    },
    "6": {
      "parquet_ordered": {
        "avg": 0.05566666666666667,
        "times": [
          0.056,
          0.058,
          0.053
        ]
      },
      "parquet_unordered": {
        "avg": 0.05633333333333334,
        "times": [
          0.056,
          0.056,
          0.057
        ]
      },
      "duckdb_ordered": {
        "avg": 0.056999999999999995,
        "times": [
          0.054,
          0.052,
          0.065
        ]
      },
      "duckdb_unordered": {
        "avg": 0.066,
        "times": [
          0.055,
          0.082,
          0.061
        ]
      }
    },
    "7": {
      "parquet_ordered": {
        "avg": 0.18499999999999997,
        "times": [
          0.179,
          0.187,
          0.189
        ]
      },
      "parquet_unordered": {
        "avg": 0.20133333333333334,
        "times": [
          0.18,
          0.183,
          0.241
        ]
      },
      "duckdb_ordered": {
        "avg": 0.18033333333333332,
        "times": [
          0.175,
          0.175,
          0.191
        ]
      },
      "duckdb_unordered": {
        "avg": 0.18666666666666668,
        "times": [
          0.182,
          0.193,
          0.185
        ]
      }
    },
    "8": {
      "parquet_ordered": {
        "avg": 0.2263333333333333,
        "times": [
          0.218,
          0.249,
          0.212
        ]
      },
      "parquet_unordered": {
        "avg": 0.214,
        "times": [
          0.212,
          0.204,
          0.226
        ]
      },
      "duckdb_ordered": {
        "avg": 0.206,
        "times": [
          0.201,
          0.213,
          0.204
        ]
      },
      "duckdb_unordered": {
        "avg": 0.243,
        "times": [
          0.238,
          0.235,
          0.256
        ]
      }
    },
    "9": {
      "parquet_ordered": {
        "avg": 0.29033333333333333,
        "times": [
          0.27,
          0.294,
          0.307
        ]
      },
      "parquet_unordered": {
        "avg": 0.29600000000000004,
        "times": [
          0.301,
          0.281,
          0.306
        ]
      },
      "duckdb_ordered": {
        "avg": 0.2776666666666667,
        "times": [
          0.26,
          0.284,
          0.289
        ]
      },
      "duckdb_unordered": {
        "avg": 0.2893333333333333,
        "times": [
          0.283,
          0.303,
          0.282
        ]
      }
    },
    "10": {
      "parquet_ordered": {
        "avg": 0.219,
        "times": [
          0.213,
          0.211,
          0.233
        ]
      },
      "parquet_unordered": {
        "avg": 0.21533333333333335,
        "times": [
          0.203,
          0.222,
          0.221
        ]
      },
      "duckdb_ordered": {
        "avg": 0.218,
        "times": [
          0.21,
          0.223,
          0.221
        ]
      },
      "duckdb_unordered": {
        "avg": 0.22366666666666668,
        "times": [
          0.224,
          0.227,
          0.22
        ]
      }
    },
    "11": {
      "parquet_ordered": {
        "avg": 0.10466666666666667,
        "times": [
          0.104,
          0.102,
          0.108
        ]
      },
      "parquet_unordered": {
        "avg": 0.10733333333333334,
        "times": [
          0.103,
          0.103,
          0.116
        ]
      },
      "duckdb_ordered": {
        "avg": 0.11,
        "times": [
          0.111,
          0.102,
          0.117
        ]
      },
      "duckdb_unordered": {
        "avg": 0.103,
        "times": [
          0.104,
          0.104,
          0.101
        ]
      }
    },
    "12": {
      "parquet_ordered": {
        "avg": 0.09266666666666667,
        "times": [
          0.093,
          0.09,
          0.095
        ]
      },
      "parquet_unordered": {
        "avg": 0.09300000000000001,
        "times": [
          0.088,
          0.098,
          0.093
        ]
      },
      "duckdb_ordered": {
        "avg": 0.09733333333333334,
        "times": [
          0.106,
          0.089,
          0.097
        ]
      },
      "duckdb_unordered": {
        "avg": 0.08833333333333333,
        "times": [
          0.089,
          0.087,
          0.089
        ]
      }
    },
    "13": {
      "parquet_ordered": {
        "avg": 0.11633333333333333,
        "times": [
          0.12,
          0.112,
          0.117
        ]
      },
      "parquet_unordered": {
        "avg": 0.11066666666666668,