{
  "1": {
    "parquet_ducklake": 0.38128145535786945,
    "duckdb_s3": 0.9875958760579427,
    "duckdb_local": 0.13060792287190756
  },
  "3": {
    "parquet_ducklake": 0.46794525782267254,
    "duckdb_s3": 2.1156771977742515,
    "duckdb_local": 0.21035369237263998
  },
  "5": {
    "parquet_ducklake": 0.4856244723002116,
    "duckdb_s3": 2.385774532953898,
    "duckdb_local": 0.21978449821472168
  },
  "6": {
    "parquet_ducklake": 0.37109963099161786,
    "duckdb_s3": 1.1145480473836262,
    "duckdb_local": 0.09856120745340984
  },
  "10": {
    "parquet_ducklake": 0.4948263168334961,
    "duckdb_s3": 2.198655446370443,
    "duckdb_local": 0.31106845537821454
  },
  "14": {
    "parquet_ducklake": 0.38643574714660645,
    "duckdb_s3": 1.5482734044392903,
    "duckdb_local": 0.1294217904408773
  }
}