{
  "config": {
    "sf": 0.1,
    "iterations": 3,
    "s3_endpoint": "127.0.0.1:5555",
    "configurations": [
      "Parquet (ordered)",
      "Parquet (unordered)",
      "DuckDB (ordered)",
      "DuckDB (unordered)"
    ]
  },
  "ingest": {
    "parquet_ordered": 3.1976778507232666,
    "parquet_unordered": 3.2073864936828613,
    "duckdb_ordered": 3.0613043308258057,
    "duckdb_unordered": 3.1703503131866455
  },
  "queries": {
    "1": {
      "parquet_ordered": {
        "avg": 0.8370447953542074,
        "times": [
          0.7884328365325928,
          0.9422662258148193,
          0.78043532371521
        ]
      },
      "parquet_unordered": {
        "avg": 1.6757862567901611,
        "times": [
          1.6859397888183594,
          1.6756329536437988,
          1.6657860279083252
        ]
      },
      "duckdb_ordered": {
        "avg": 0.8130926291147867,
        "times": [
          0.8025646209716797,
          0.832364559173584,
          0.8043487071990967
        ]
      },
      "duckdb_unordered": {
        "avg": 0.9227956136067709,
        "times": [
          0.9866271018981934,
          0.8280415534973145,
          0.9537181854248047
        ]
      }
    },
    "2": {
      "parquet_ordered": {
        "avg": 1.0720958709716797,
        "times": [
          1.0689818859100342,
          1.0872163772583008,
          1.060089349746704
        ]
      },
      "parquet_unordered": {
        "avg": 1.150894562403361,
        "times": [
          1.1760356426239014,
          1.1213860511779785,
          1.1552619934082031
        ]
      },
      "duckdb_ordered": {
        "avg": 1.0807756582895915,
        "times": [
          1.0778820514678955,
          1.063199758529663,
          1.1012451648712158
        ]
      },
      "duckdb_unordered": {
        "avg": 1.0760165055592854,
        "times": [
          1.1410737037658691,
          1.0462431907653809,
          1.0407326221466064
        ]
      }
    },
    "3": {
      "parquet_ordered": {
        "avg": 1.1454250812530518,
        "times": [
          1.2197866439819336,
          1.0346519947052002,
          1.1818366050720215
        ]
      },
      "parquet_unordered": {
        "avg": 1.8688139915466309,
        "times": [
          1.8539202213287354,
          1.8966236114501953,
          1.855898141860962
        ]
      },
      "duckdb_ordered": {
        "avg": 1.077386458714803,
        "times": [
          1.0349929332733154,
          1.151125431060791,
          1.0460410118103027
        ]
      },
      "duckdb_unordered": {
        "avg": 1.1567753156026204,
        "times": [
          1.060312032699585,
          1.2015528678894043,
          1.208461046218872
        ]
      }
    },
    "4": {
      "parquet_ordered": {
        "avg": 0.8798394997914633,
        "times": [
          0.8787286281585693,
          0.9187726974487305,
          0.8420171737670898
        ]
      },
      "parquet_unordered": {
        "avg": 1.6759939193725586,
        "times": [
          1.6135201454162598,
          1.7247765064239502,
          1.6896851062774658
        ]
      },
      "duckdb_ordered": {
        "avg": 0.8498348395029703,
        "times": [
          0.8439338207244873,
          0.8489720821380615,
          0.8565986156463623
        ]
      },
      "duckdb_unordered": {
        "avg": 0.884405771891276,
        "times": [
          0.8845417499542236,
          0.8935003280639648,
          0.8751752376556396
        ]
      }
    },
    "5": {
      "parquet_ordered": {
        "avg": 1.3917280832926433,
        "times": [
          1.3229718208312988,
          1.4639811515808105,
          1.3882312774658203
        ]
      },
      "parquet_unordered": {
        "avg": 2.349497159322103,
        "times": [
          2.3614683151245117,
          2.3301682472229004,
          2.3568549156188965
        ]
      },
      "duckdb_ordered": {
        "avg": 1.3963939348856609,
        "times": [
          1.4215044975280762,
          1.4471399784088135,
          1.3205373287200928
        ]
      },
      "duckdb_unordered": {
        "avg": 1.3769485155741374,
        "times": [
          1.4271752834320068,
          1.360780954360962,
          1.3428893089294434
        ]
      }
    },
    "6": {
      "parquet_ordered": {
        "avg": 0.7828599611918131,
        "times": [
          0.7830538749694824,
          0.7794578075408936,
          0.7860682010650635
        ]
      },
      "parquet_unordered": {
        "avg": 1.6553151607513428,
        "times": [
          1.6250414848327637,
          1.6773765087127686,
          1.663527488708496
        ]
      },
      "duckdb_ordered": {
        "avg": 0.8415232499440511,
        "times": [
          0.9659442901611328,
          0.7822401523590088,
          0.7763853073120117
        ]
      },
      "duckdb_unordered": {
        "avg": 0.8516093095143636,
        "times": [
          0.7833387851715088,
          0.7864608764648438,
          0.9850282669067383
        ]
      }
    },
    "7": {
      "parquet_ordered": {
        "avg": 1.373421271642049,
        "times": [
          1.5316762924194336,
          1.185997724533081,
          1.4025897979736328
        ]
      },
      "parquet_unordered": {
        "avg": 2.097313165664673,
        "times": [
          2.0781562328338623,
          2.1129708290100098,
          2.1008124351501465
        ]
      },
      "duckdb_ordered": {
        "avg": 1.3339087168375652,
        "times": [
          1.5219237804412842,
          1.1896357536315918,
          1.2901666164398193
        ]
      },
      "duckdb_unordered": {
        "avg": 1.2270193099975586,
        "times": [
          1.169292688369751,
          1.1725096702575684,
          1.3392555713653564
        ]
      }
    },
    "8": {
      "parquet_ordered": {
        "avg": 1.307151476542155,
        "times": [
          1.2996299266815186,
          1.331897258758545,
          1.2899272441864014
        ]
      },
      "parquet_unordered": {
        "avg": 2.1083954175313315,
        "times": [
          2.0988833904266357,
          2.1235580444335938,
          2.1027448177337646
        ]
      },
      "duckdb_ordered": {
        "avg": 1.321055014928182,
        "times": [
          1.417006015777588,
          1.2740755081176758,
          1.2720835208892822
        ]
      },
      "duckdb_unordered": {
        "avg": 1.311509609222412,
        "times": [
          1.2853789329528809,
          1.2705485820770264,
          1.378601312637329
        ]
      }
    },
    "9": {
      "parquet_ordered": {
        "avg": 1.3719615936279297,
        "times": [
          1.3796098232269287,
          1.3934571743011475,
          1.342817783355713
        ]
      },
      "parquet_unordered": {
        "avg": 2.629009246826172,
        "times": [
          2.6183998584747314,
          2.599057912826538,
          2.669569969177246
        ]
      },
      "duckdb_ordered": {
        "avg": 1.3772768179575603,
        "times": [
          1.3864295482635498,
          1.357438564300537,
          1.3879623413085938
        ]
      },
      "duckdb_unordered": {
        "avg": 1.3398044904073079,
        "times": [
          1.3520987033843994,
          1.3100740909576416,
          1.3572406768798828
        ]
      }
    },
    "10": {
      "parquet_ordered": {
        "avg": 1.3732332388559978,
        "times": [
          1.4567368030548096,
          1.2323336601257324,
          1.4306292533874512
        ]
      },
      "parquet_unordered": {
        "avg": 2.2692548433939614,
        "times": [
          2.289933204650879,
          2.2634694576263428,
          2.254361867904663
        ]
      },
      "duckdb_ordered": {
        "avg": 1.3237604300181072,
        "times": [
          1.2685127258300781,
          1.2364423274993896,
          1.4663262367248535
        ]
      },