{
  "1": {
    "parquet_ducklake": 0.47465936342875165,
    "duckdb_s3": 12.69816255569458,
    "duckdb_local": 0.30887452761332196
  },
  "3": {
    "parquet_ducklake": 0.5425856908162435,
    "duckdb_s3": 16.67359972000122,
    "duckdb_local": 0.47061816851298016
  },
  "5": {
    "parquet_ducklake": 0.565133810043335,
    "duckdb_s3": 17.72881094614665,
    "duckdb_local": 0.449276606241862
  },
  "6": {
    "parquet_ducklake": 0.40606117248535156,
    "duckdb_s3": 12.53973126411438,
    "duckdb_local": 0.26759767532348633
  },
  "10": {
    "parquet_ducklake": 0.629615306854248,
    "duckdb_s3": 16.232845544815063,
    "duckdb_local": 0.5330661137898763
  },
  "14": {
    "parquet_ducklake": 0.4741382598876953,
    "duckdb_s3": 13.474248806635538,
    "duckdb_local": 0.33461928367614746
  }
}