{
  "config": {
    "sf": 1.0,
    "iterations": 3,
    "storage": "local",
    "configurations": [
      "Parquet (ordered)",
      "Parquet (unordered)",
      "DuckDB (ordered)",
      "DuckDB (unordered)"
    ]
  },
  "ingest": {
    "parquet_ordered": 14.894261360168457,
    "parquet_unordered": 14.4429452419281,
    "duckdb_ordered": 13.431991577148438,
    "duckdb_unordered": 15.175355672836304
  },
  "queries": {
    "1": {
      "parquet_ordered": {
        "avg": 0.6924004554748535,
        "times": [
          0.8078873157501221,
          0.6290233135223389,
          0.6402907371520996
        ]
      },
      "parquet_unordered": {
        "avg": 0.5840410391489664,
        "times": [
          0.6097216606140137,
          0.5772006511688232,
          0.5652008056640625
        ]
      },
      "duckdb_ordered": {
        "avg": 0.6322746276855469,
        "times": [
          0.5896189212799072,
          0.683983325958252,
          0.6232216358184814
        ]
      },
      "duckdb_unordered": {
        "avg": 0.6719042460123698,
        "times": [
          0.6066553592681885,
          0.6567254066467285,
          0.7523319721221924
        ]
      }
    },
    "2": {
      "parquet_ordered": {
        "avg": 0.8952022393544515,
        "times": [
          0.8967769145965576,
          0.8653802871704102,
          0.9234495162963867
        ]
      },
      "parquet_unordered": {
        "avg": 0.9296118418375651,
        "times": [
          1.135986328125,
          0.8553998470306396,
          0.7974493503570557
        ]
      },
      "duckdb_ordered": {
        "avg": 0.6923727989196777,
        "times": [
          0.7095043659210205,
          0.6653923988342285,
          0.7022216320037842
        ]
      },
      "duckdb_unordered": {
        "avg": 0.903424342473348,
        "times": [
          0.9661173820495605,
          0.8754708766937256,
          0.8686847686767578
        ]
      }
    },
    "3": {
      "parquet_ordered": {
        "avg": 0.9028730392456055,
        "times": [
          0.8096873760223389,
          1.0256967544555664,
          0.8732349872589111
        ]
      },
      "parquet_unordered": {
        "avg": 0.8139262199401855,
        "times": [
          0.7255752086639404,
          0.9253766536712646,
          0.7908267974853516
        ]
      },
      "duckdb_ordered": {
        "avg": 0.8018596967061361,
        "times": [
          0.7535147666931152,
          0.7507271766662598,
          0.9013371467590332
        ]
      },
      "duckdb_unordered": {
        "avg": 0.8551967144012451,
        "times": [
          0.9673359394073486,
          0.7941858768463135,
          0.8040683269500732
        ]
      }
    },
    "4": {
      "parquet_ordered": {
        "avg": 0.6613839467366537,
        "times": [
          0.7187042236328125,
          0.6165540218353271,
          0.6488935947418213
        ]
      },
      "parquet_unordered": {
        "avg": 0.6066080729166666,
        "times": [
          0.6543898582458496,
          0.5903980731964111,
          0.5750362873077393
        ]
      },
      "duckdb_ordered": {
        "avg": 0.5985192457834879,
        "times": [
          0.5817258358001709,
          0.5983409881591797,
          0.6154909133911133
        ]
      },
      "duckdb_unordered": {
        "avg": 0.6425063610076904,
        "times": [
          0.6203708648681641,
          0.645684003829956,
          0.6614642143249512
        ]
      }
    },
    "5": {
      "parquet_ordered": {
        "avg": 0.8107447624206543,
        "times": [
          0.7177114486694336,
          0.9166045188903809,
          0.7979183197021484
        ]
      },
      "parquet_unordered": {
        "avg": 0.7238945166269938,
        "times": [
          0.7205026149749756,
          0.7418169975280762,
          0.7093639373779297
        ]
      },
      "duckdb_ordered": {
        "avg": 0.8020869890848795,
        "times": [
          0.7299497127532959,
          0.8075764179229736,
          0.8687348365783691
        ]
      },
      "duckdb_unordered": {
        "avg": 0.7927980422973633,
        "times": [
          0.7559902667999268,
          0.8350064754486084,
          0.7873973846435547
        ]
      }
    },
    "6": {
      "parquet_ordered": {
        "avg": 0.5126528739929199,
        "times": [
          0.4646036624908447,
          0.5562303066253662,
          0.5171246528625488
        ]
      },
      "parquet_unordered": {
        "avg": 0.4909990628560384,
        "times": [
          0.49828052520751953,
          0.4742281436920166,
          0.5004885196685791
        ]
      },
      "duckdb_ordered": {
        "avg": 0.5667552947998047,
        "times": [
          0.55885910987854,
          0.6043808460235596,
          0.5370259284973145
        ]
      },
      "duckdb_unordered": {
        "avg": 0.5157762368520101,
        "times": [
          0.5617842674255371,
          0.5067546367645264,
          0.4787898063659668
        ]
      }
    },
    "7": {
      "parquet_ordered": {
        "avg": 0.726288636525472,
        "times": [
          0.7165701389312744,
          0.7335302829742432,
          0.7287654876708984
        ]
      },
      "parquet_unordered": {
        "avg": 0.7737167676289877,
        "times": [
          0.6945891380310059,
          0.7499880790710449,
          0.8765730857849121
        ]
      },
      "duckdb_ordered": {
        "avg": 0.8527779579162598,
        "times": [
          0.8041658401489258,
          0.8222072124481201,
          0.9319608211517334
        ]
      },
      "duckdb_unordered": {
        "avg": 0.8129816850026449,
        "times": [
          0.7630987167358398,
          0.8379650115966797,
          0.837881326675415
        ]
      }
    },
    "8": {
      "parquet_ordered": {
        "avg": 0.8075850009918213,
        "times": [
          0.827704668045044,
          0.8574318885803223,
          0.7376184463500977
        ]
      },
      "parquet_unordered": {
        "avg": 0.7688908576965332,
        "times": [
          0.7211236953735352,
          0.8216028213500977,
          0.7639460563659668
        ]
      },
      "duckdb_ordered": {
        "avg": 0.7899126211802164,
        "times": [
          0.8068962097167969,
          0.7702813148498535,
          0.792560338973999
        ]
      },
      "duckdb_unordered": {
        "avg": 0.792799154917399,
        "times": [
          0.8035204410552979,
          0.7856762409210205,
          0.7892007827758789
        ]
      }
    },
    "9": {
      "parquet_ordered": {
        "avg": 0.9906555811564127,
        "times": [
          1.00360107421875,
          1.049440860748291,
          0.9189248085021973
        ]
      },
      "parquet_unordered": {
        "avg": 1.0689981778462727,
        "times": [
          1.0275211334228516,
          0.8760275840759277,
          1.303445816040039
        ]
      },
      "duckdb_ordered": {
        "avg": 1.0227054754892986,
        "times": [
          0.9770910739898682,
          0.9739780426025391,
          1.1170473098754883
        ]
      },
      "duckdb_unordered": {
        "avg": 1.0618993441263835,
        "times": [
          1.1520583629608154,
          1.0258939266204834,
          1.0077457427978516
        ]
      }
    },
    "10": {
      "parquet_ordered": {
        "avg": 0.9014196395874023,
        "times": [
          0.8063399791717529,
          0.9784886837005615,
          0.9194302558898926
        ]
      },
      "parquet_unordered": {
        "avg": 0.8769628206888834,
        "times": [
          0.9503633975982666,
          0.872333288192749,
          0.8081917762756348
        ]
      },
      "duckdb_ordered": {
        "avg": 0.8228647708892822,
        "times": [
          0.8556218147277832,
          0.7959282398223877,
          0.8170442581176758
        ]
      },